Numero_Parada,UTM_X,UTM_Y,Longitud,Latitud
1.0,470416.038,4380271.96899999,2.6555629997247934,39.571641005305864
2.0,470324.036,4380716.036,2.6544720037910428,39.575639003790094
3.0,469994.032,4380996.991,2.6506170054804694,39.57815900311029
4.0,472597.957999999,4381435.02199999,2.6809179959250895,39.58219300102705
6.0,470454.984999999,4380236.97099999,2.6560179984139856,39.57132700560284
7.0,469609.989,4379978.99199999,2.64619200201663,39.56897300187787
8.0,468879.021052754,4380010.40152544,2.637680577855791,39.56922979145449
9.0,468570.780598632,4379971.90885644,2.6340938449367157,39.56887171801716
10.0,468109.868341566,4379677.2068224,2.62874206531436,39.566199349492166
11.0,467980.483133364,4379352.29012751,2.6272514951660546,39.563266934477866
12.0,467927.186887948,4379006.1415643,2.626647794218975,39.560146042721456
13.0,472703.977,4382588.991,2.682105002070414,39.59259399867075
14.0,467706.975889427,4378407.56493423,2.624113532422193,39.55474442619122
15.0,467681.260972797,4378091.90729762,2.6238295814603076,39.55189928658355
16.0,467238.281204077,4377844.26805748,2.618685888214306,39.54965118074633
17.0,467395.871578482,4377365.88568665,2.6205435257372782,39.54534681038053
19.0,469453.041,4380648.06799999,2.6443340040948615,39.574995997228854
20.0,469279.96,4380428.007,2.6423290046643135,39.5730069986976
23.0,467413.96,4377387.029,2.6207530027782577,39.545538005306916
25.0,467259.018999999,4377829.06599999,2.618928000022943,39.54951499716421
26.0,467868.725650187,4378264.97582534,2.626003139168826,39.553465728471984
27.0,467724.808677168,4378399.89152805,2.6243214724308377,39.55467595759064
28.0,467933.002036494,4378892.02979538,2.6267209972853354,39.5591180792237
29.0,468021.994,4379305.06799999,2.627737000546114,39.56284299813809
30.0,468240.01,4379805.041,2.6302509988737484,39.567356002427275
31.0,468409.097912604,4379919.49912562,2.632214029402018,39.56839354947166
32.0,472279.011999999,4381246.04499999,2.6772119958669447,39.58048000222309
33.0,468761.678,4379969.08,2.6363164071162535,39.568853205314376
34.0,473951.092521882,4383393.98998053,2.6965973232248173,39.599886112310024
35.0,473756.005,4383270.00299999,2.694329997196269,39.598762997086965
36.0,473499.016999999,4383066.00499999,2.691344996332556,39.596917001572194
37.0,473162.957999999,4382893.03199999,2.687438000958115,39.59534800041223
38.0,472901.978,4382734.01599999,2.6844049995000017,39.59390700305614
39.0,472446.962999999,4382392.01999999,2.679119996591621,39.590811004039885
43.0,471536.011999999,4381491.02599999,2.6685499941930853,39.58266300202393
44.0,471372.026,4381340.02799999,2.666647001483943,39.58129700241372
45.0,471128.012999999,4381125.95999999,2.663815003200511,39.57935999983603
46.0,470878.005,4380920.025,2.660913003020239,39.57749600540494
47.0,470668.021999999,4380605.069,2.658481996561749,39.57465099669381
48.0,470506.995999999,4380428.996,2.6566149978894558,39.573059000552526
49.0,470552.973999999,4380436.035,2.6571499951363298,39.573124004603564
50.0,469742.987,4380667.01499999,2.6477089946025094,39.57517699814268
52.0,469899.326477959,4380265.09516756,2.6495475024528266,39.57156108441862
53.0,469678.972999999,4380266.059,2.646981999015037,39.571562004121226
54.0,469386.009083427,4380363.68158542,2.6435666713683768,39.57243120135598
56.0,468980.989999999,4380496.01499999,2.6388450056008232,39.57360900516061
57.0,468758.038999999,4380330.99199999,2.636257001980506,39.57211400473855
58.0,468447.299197406,4380096.07692568,2.6326503698942227,39.569985972941964
59.0,468159.996999999,4379899.041,2.6293149979215213,39.56820000207855
61.0,467938.447504922,4379683.12748725,2.6267461750754277,39.5662463042492
62.0,467835.981,4379318.04899999,2.625570996606222,39.562953004642694
63.0,467722.981,4378877.025,2.6242770056614337,39.558975004012346
64.0,467608.14349848,4378695.71314527,2.6229491039231685,39.55733700153173
65.0,467438.984999999,4378105.98799999,2.6210090042185126,39.552016997246966
66.0,466759.514636946,4378118.66396935,2.6130999033336875,39.552105154818165
67.0,466601.015,4378061.063,2.6112579952176067,39.55157999756862
69.0,466329.992,4378189.98199999,2.6080970008294493,39.55273100167061
71.0,466048.026,4378251.036,2.6048120014330522,39.55327000316525
73.0,465509.961,4377929.01099999,2.598565996261351,39.55034700509745
74.0,467771.043,4380534.041,2.6247559979755866,39.573906996768045
75.0,465253.036,4377597.985,2.5955929982677657,39.54735400152063
77.0,465172.80832796,4377100.68179744,2.594685348535701,39.54286990533506
78.0,465060.424474637,4376906.54536232,2.5933876774824607,39.541116112032064
79.0,464856.750718962,4376812.25735452,2.591022449385737,39.540258234364835
80.0,470455.996755966,4380353.17681964,2.6560246034167494,39.57237409057061
81.0,467641.038,4378428.991,2.6233449957322157,39.55493499680824
82.0,467609.043,4378358.984,2.622975999426958,39.55430300519352
83.0,471183.66359089,4379256.93843797,2.664544156156385,39.5625213972415
84.0,471165.048488162,4379240.66806227,2.6643281648427277,39.56237417012324
85.0,464842.700273462,4376634.58550777,2.590868341152889,39.538656784123745
86.0,465308.914054768,4377625.55151163,2.5962418874674205,39.54760464449006
87.0,465527.959070613,4377926.69168584,2.5987755936691928,39.5503268307307
89.0,466059.016,4378268.967,2.6049390015825553,39.553432001427744
90.0,466195.961999999,4378228.967,2.606535005043134,39.553076997055676
91.0,466707.206000814,4378095.28006145,2.612492246181857,39.55189243066217
92.0,466889.5,4378128.5,2.6146123355184403,39.55219880674872
93.0,464698.502407053,4376358.24864397,2.5892050027992104,39.53616099018455
94.0,467498.001999999,4378145.02799999,2.621694002689981,39.55237099730423
95.0,467616.979999999,4378695.00999999,2.62305199564635,39.55733099962635
96.0,467732.000999999,4378876.98699999,2.6243820033581007,39.558975001002814
97.0,467846.977,4379318.00299999,2.6256990033239904,39.56295300249568
98.0,467956.990756969,4379552.15970396,2.626968370333328,39.56506693993167
99.0,471014.96,4380018.985,2.6625470010380154,39.56938199724263
100.0,468193.976,4379910.99799999,2.6297100045437944,39.56830899915651
101.0,468419.032999999,4380060.01499999,2.6323230057263705,39.569660003967215
102.0,468780.96,4380328.013,2.636524001060285,39.572087998047856
103.0,469040.032999999,4380398.001,2.6395370054691534,39.572728005011065
104.0,469371.999,4380354.059,2.643404001587069,39.572343998634395
105.0,469705.961999999,4380248.972,2.6472969978372314,39.57140899920967
106.0,469926.038999999,4380253.99399999,2.6498590054949074,39.57146199698599
107.0,469828.61620818,4380600.0466833,2.648709027888416,39.57457661192196
108.0,469782.476667341,4380674.97348857,2.6481684133759438,39.575250099379815
109.0,464752.021,4376466.99199999,2.5898220040263107,39.537142998894225
110.0,470192.957999999,4380846.059,2.652939999027926,39.576806001898206
111.0,470692.0,4380611.79999999,2.6587608751333955,39.57471246515794
112.0,464947.032,4376624.036,2.5920829952272397,39.53856599698667
113.0,470673.973999999,4380589.065,2.658552003166403,39.57450699940557
114.0,470817.004,4380846.006,2.660205995459062,39.5768269971576
115.0,471087.009,4381070.06699999,2.6633399974337575,39.57885500478935
116.0,471379.016,4381326.018,2.666728998534757,39.581171001535566
117.0,471562.989,4381494.03399999,2.668863994992898,39.582691000577015
118.0,471910.972999999,4381801.962,2.672903003492195,39.585477001340855
119.0,472166.00828819,4382096.84578417,2.6758604675342474,39.588142315066754
121.0,472451.820824646,4382362.73399346,2.6791777865867066,39.59054728458068
122.0,472694.859217207,4382555.20853386,2.682000207738746,39.59228931801052
123.0,472977.296945151,4382761.02058374,2.6852810822406807,39.59415270159018
124.0,473220.026,4382909.03799999,2.688101996712635,39.59549400522884
125.0,473513.005999999,4383063.95899999,2.691508004748347,39.5968989991783
126.0,473732.650443907,4383233.46011706,2.6940594334288575,39.598433018868015
127.0,469782.978999999,4380988.047,2.648160000845353,39.57807100082064
128.0,464957.02,4376780.035,2.592190998747591,39.53997200129106
129.0,469046.989,4380119.069,2.6396310039120205,39.57021499751827
130.0,475668.028999999,4381050.058,2.7166810045442236,39.578817004351905
131.0,468732.018999999,4380311.00899999,2.6359550045312172,39.57193300358364
132.0,468446.032,4380151.02199999,2.632633004163317,39.5704809971719
133.0,468134.989999999,4380167.05999999,2.6290109991737447,39.570614000473576
134.0,467944.012999999,4380200.036,2.6267859967930103,39.5709040044041
135.0,467558.014,4380324.063,2.6222860042345473,39.572007002743845
136.0,466751.616964333,4380537.50572736,2.612886826096006,39.57389928394764
137.0,466494.966,4380551.014,2.6098980041268636,39.574011004685325
138.0,465066.989,4376888.968,2.5934649949173396,39.54095800210697
139.0,465779.001999999,4379662.058,2.6016080052998447,39.56597300402324
140.0,465683.015,4379383.024,2.600505001633803,39.56345499886512
141.0,465609.962999999,4379163.04499999,2.59966599572444,39.5614700037274
142.0,465315.028999999,4378699.00499999,2.5962569949592336,39.55727700353582
143.0,465459.962999999,4378315.01499999,2.5979640022239447,39.553822997180866
144.0,469054.974999999,4386756.036,2.6394140031940796,39.630015997964044
145.0,465214.996999999,4377126.029,2.5951749967588116,39.54310000197006
146.0,465411.962999999,4378801.00899999,2.5973799946865377,39.558200001087435
147.0,465600.02,4379110.03799999,2.599552998762652,39.56099199782872
148.0,465718.038999999,4379455.00899999,2.6009090001217894,39.56410500343996
149.0,465784.992,4379657.03699999,2.60167799658737,39.565928002526476
151.0,466530.969999999,4380534.98699999,2.6103180012195244,39.57386800368144
153.0,467591.994999999,4380296.063,2.6226829961507576,39.57175600026112
154.0,467892.011999999,4380212.01599999,2.626180004007709,39.57101000171326
155.0,468109.009,4380157.06799999,2.628709001062071,39.57052300374054
156.0,468388.041,4380148.041,2.6319579991674638,39.57045200132348
157.0,467504.038,4378742.985,2.621734995998732,39.55775899729928
158.0,467399.021999999,4378632.99799999,2.62051799629481,39.556763997169874
159.0,467390.02,4378515.05999999,2.620419005239872,39.55570099873444
160.0,467186.038999999,4378590.06099999,2.618041004314384,39.55636900127452
161.0,467041.994999999,4378738.06099999,2.616357001558268,39.55769700199746
162.0,466782.967999999,4378776.01699999,2.613339999714486,39.558029004722144
163.0,466486.21761317,4378985.51677242,2.6098752021722555,39.55990511331891
164.0,466256.003,4379071.96399999,2.6071910016666027,39.56067500037375
165.0,467015.995999999,4380475.96499999,2.615968003485923,39.573354998559616
166.0,467320.993,4378770.05999999,2.6196029959558884,39.55799599689288
167.0,466263.977,4378852.069,2.607294997581871,39.55869399931835
168.0,466260.037,4378894.03899999,2.6072470020926586,39.55907200569734
169.0,478615.994999999,4374728.973,2.7512099997550528,39.521940004522214
170.0,466268.978,4379053.04,2.6073429999467104,39.5605050003097
171.0,466513.974999999,4378951.978,2.610200002939254,39.55960400374593
172.0,466805.961999999,4378769.03699999,2.613608002631633,39.557967003069415
173.0,467032.973999999,4378737.98799999,2.6162519997178895,39.55769599758572
174.0,467219.953399926,4378550.37339154,2.6184377235541207,39.556012700927646
175.0,467419.016,4378505.05999999,2.6207570031187344,39.55561199754318
176.0,467407.966,4378635.069,2.6206220024755917,39.55678299736535
177.0,467536.972999999,4378729.973,2.622118999918754,39.55764300242647
182.0,472756.957999999,4382248.97099999,2.6827359949593537,39.58953200242031
183.0,472520.224799961,4382143.07465441,2.679983503422211,39.58857028445095
184.0,472351.395665967,4381981.3738016,2.678024171574835,39.58710787968603
185.0,472123.972999999,4381739.03899999,2.675385998431635,39.58491700140119
187.0,471951.825563006,4381522.08504136,2.67339056318183,39.58295656306597
188.0,472160.96,4381183.98599999,2.675840003390848,39.57991700490066
189.0,471793.984999999,4380972.006,2.671575997365552,39.5779950011585
191.0,471483.038999999,4380797.01599999,2.6679629972138263,39.57640799847445
192.0,471231.032,4380654.00499999,2.6650350046648055,39.57511100444052
193.0,471113.977,4380587.962,2.6636749987888715,39.57451200021535
195.0,470482.02,4380456.06099999,2.6563230048165365,39.57330200487074
196.0,479731.005999999,4375332.04499999,2.7641639946423133,39.52740100286595
197.0,469562.739830342,4380801.72342585,2.645604182396425,39.57638437930045
198.0,469400.972999999,4380794.996,2.6437209969630535,39.576318004028394
199.0,469503.194431444,4380797.65720054,2.6449110657950596,39.57634562504766
200.0,471564.021,4386549.042,2.6686590051647725,39.62823800400332
202.0,478446.984999999,4374318.031,2.74925700243533,39.518233001836926
203.0,469264.972,4380482.00499999,2.6421520022836065,39.573492999210316
205.0,469520.010999999,4380772.99399999,2.645107998860704,39.576124000587406
206.0,469563.817514466,4380775.79858218,2.64561791965071,39.576150827204486
209.0,471122.957999999,4380578.05099999,2.6637799958488917,39.57442300160679
210.0,471245.005,4380646.961,2.665197998854772,39.57504800463344
211.0,471503.988,4380795.052,2.668206997251607,39.5763909988891
213.0,471799.5,4380960.7,2.6716406923755787,39.57789331203457
214.0,472198.978,4381247.997,2.6762799981766925,39.58049499802578
215.0,472036.890310802,4381461.44097767,2.6743836492802098,39.58241292123233
216.0,472245.984999999,4381567.018,2.6768139966326,39.58337099971799
217.0,478650.043,4373797.961,2.751636001254734,39.5135519968701
219.0,470305.989999999,4380735.97099999,2.654260998940622,39.57581799918685
220.0,469110.649695075,4380466.97344936,2.640355960345111,39.57335201403331
221.0,468852.022999999,4380719.057,2.6373329962177445,39.57561400094652
222.0,468584.021999999,4380901.047,2.634204005550375,39.57724400161607
223.0,468368.972999999,4380987.04999999,2.6316960020088853,39.57801100358744
224.0,468054.967,4381088.006,2.6280350021668855,39.57890899922615
225.0,467880.972,4381171.966,2.626004995116426,39.57965899869871
226.0,467438.58099624,4381565.49155781,2.6208345637101598,39.58318807285549
227.0,467138.032,4381844.996,2.6173210051279896,39.58569500539742
228.0,466951.984999999,4382016.04,2.6151460001947355,39.58722899855529
229.0,466770.990999999,4382142.008,2.613032002450065,39.58835700063023
230.0,466572.016999999,4382259.06799999,2.610709000782193,39.589403999232665
231.0,466253.977,4382363.002,2.607000004953087,39.59032800120885
232.0,465489.012999999,4382374.042,2.5980910032727844,39.59039700295504
233.0,465195.038999999,4382479.02199999,2.594662000873684,39.59133100357086
234.0,465200.998,4382658.014,2.5947220005632636,39.59294400153318
236.0,465501.009,4382349.01699999,2.598232005759903,39.59017200533837
237.0,466249.021,4382349.04,2.606943000425869,39.590202005182036
238.0,466683.038,4382196.99199999,2.6120050056998463,39.58884900407346
240.0,467086.977,4381895.04499999,2.6167239955895014,39.5861439997643
241.0,467466.965,4381505.98699999,2.6211679971706188,39.58265299958634
242.0,467828.004,4381176.95899999,2.6253880041774273,39.579702000394924
243.0,468071.005,4381061.96999999,2.628222996784778,39.57867500545341
244.0,468348.656849185,4380913.59116978,2.6314629555092397,39.5773483694593
245.0,468487.005,4380699.007,2.633083995260728,39.57542000393042
246.0,468602.974999999,4380535.05499999,2.634442004950309,39.57394700563406
247.0,468830.982,4380463.989,2.637099996652085,39.57331500091059
248.0,479063.011999999,4373480.979,2.7564500002243366,39.51070600022104
250.0,470440.984999999,4381404.02199999,2.6558030001156183,39.5818420019472
251.0,470606.007999999,4381754.99,2.6577090044650253,39.58501000131304
256.0,471467.967999999,4382435.974,2.6677170005686404,39.59117499904079
259.0,478932.961999999,4373424.065,2.7549390050819973,39.510189998678044
261.0,479207.005999999,4373769.03299999,2.7581159995257005,39.51330500249947
263.0,471257.089270385,4384545.99080261,2.6651696169422676,39.61017977284942
266.0,472161.012999999,4384127.064,2.67571700514394,39.60643499855824
267.0,472246.032999999,4383992.023,2.676713005726586,39.6052210021438
268.0,472408.961999999,4384084.0,2.6786069949793285,39.60605500530819
269.0,472436.962999999,4384328.065,2.6789230018977204,39.608254999347345
270.0,472246.017999999,4384680.01599999,2.676684000348232,39.61142000378725
271.0,472368.996999999,4384430.96899999,2.678126996352067,39.609180001571445
272.0,472367.027999999,4384024.995,2.6781209973792204,39.6055220018818
273.0,472256.031,4384002.974,2.6768290051844374,39.605319997635796
274.0,472103.96,4384161.00999999,2.675051002484631,39.606739004442346
279.0,470992.973999999,4384248.012,2.662106000466237,39.6074860004336
280.0,479044.012999999,4375195.036,2.756175003264695,39.52614999791831
281.0,479177.033999999,4375441.058,2.757714998975552,39.52837000478861
282.0,480477.004,4376892.97699999,2.772798003050237,39.54148299835284
283.0,480725.016,4376832.98,2.775686001855921,39.54094800426655
285.0,471455.016999999,4382440.018,2.667566001933815,39.59121100524549
286.0,480500.990999999,4376898.02199999,2.7730770055155496,39.54152900135732
287.0,470741.784884132,4382059.48573294,2.6592766536452093,39.58775824191484
289.0,470563.601060826,4381693.0466376,2.657217936774053,39.58445041812344
295.0,470294.961,4380748.99899999,2.6541320027873487,39.57593500324589
296.0,470681.676072978,4381202.52365047,2.658614564027314,39.5800347099172
297.0,470888.028999999,4381483.00899999,2.6610050057286894,39.582569000023206
298.0,471030.043,4381726.973,2.6626480057102264,39.58477199988883
299.0,471103.02,4381929.024,2.6634889953594025,39.58659500243181
300.0,480275.984999999,4376846.98599999,2.770459994823463,39.54106400280845
302.0,479164.0,4375420.006,2.757564003191521,39.52818000047358
307.0,472464.976,4384022.98,2.679261998584676,39.6055070013032
308.0,467894.716310252,4380706.08293606,2.626187580340242,39.575461782108896
309.0,472541.025,4383464.014,2.6801710006779182,39.60047300281432
310.0,472291.974999999,4383350.035,2.6772749949347916,39.59943799891173
311.0,472286.978999999,4383202.0,2.677222997021313,39.598103999809055
312.0,472429.016,4383113.03699999,2.6788809966603546,39.59730700134504
313.0,478911.025,4373449.984,2.7546830052087974,39.510423003218506
314.0,472579.000999999,4383206.06199999,2.6806239956030273,39.59814999803779
315.0,472578.974999999,4383560.99,2.680609004073694,39.60134799998937
316.0,472459.989999999,4384069.05599999,2.679202004992417,39.60592199841562
322.0,471083.978999999,4381934.97699999,2.663267003144323,39.586647998361556
323.0,471013.016999999,4381721.04399999,2.6624500022145616,39.58471800211247
324.0,470893.996999999,4381517.059,2.6610730046149977,39.58287600326664
325.0,470588.004,4381109.01999999,2.657528001946735,39.579189004985615
328.0,469384.983999999,4381008.03799999,2.6435250001388497,39.57823700257764
329.0,469039.032999999,4381177.00299999,2.6394890045639765,39.57974699823433
330.0,468925.627139046,4381408.14529797,2.638157695877809,39.58182555001319
331.0,468762.023999999,4381656.018,2.6362409957546076,39.58405300257567
332.0,468581.031,4381707.02799999,2.63413099739975,39.58450599965375
333.0,468253.994999999,4381619.023,2.6303270013798974,39.58370099883262
334.0,467971.961999999,4381988.99,2.6270250034810365,39.58702400267675
335.0,467736.041,4382290.963,2.624263000165983,39.58973600423402
336.0,467587.039999999,4382512.00299999,2.6225170034851883,39.591722004845344
337.0,467322.993,4382713.99799999,2.6194320036588032,39.59353199754053
338.0,467115.000999999,4382849.06199999,2.617003004287543,39.59474099687962
339.0,467093.041,4383136.052,2.6167330007001475,39.597325999512165
341.0,467068.984999999,4383555.012,2.6164320045179243,39.60109999877883
342.0,467145.996999999,4383817.053,2.617315997487771,39.603464003753345
343.0,466942.957999999,4383838.008,2.614949999996712,39.603644999458545
344.0,466943.967999999,4383652.99199999,2.614970996041115,39.6019780040243
346.0,467077.96,4383123.01999999,2.6165580035920346,39.59720799872033
347.0,467112.016999999,4382833.98099999,2.6169690000617565,39.59460499901014
348.0,467344.034999999,4382695.042,2.619677995138038,39.593362001844305
349.0,467500.023999999,4382586.06199999,2.621500000194893,39.59238599780858
350.0,467750.992,4382252.05599999,2.624439004498978,39.5893860053804
351.0,467956.973999999,4381978.065,2.6268509957247845,39.58692500530041
352.0,468248.007999999,4381604.065,2.6302580021013693,39.58356600151081
353.0,468431.983,4381442.04999999,2.6324080043120257,39.58211299982166
354.0,468701.031,4381206.001,2.635551998855445,39.57999600191871
355.0,478672.978999999,4373792.01599999,2.7519030038756025,39.51349899927842
356.0,468957.003688814,4381027.28152118,2.638540876556529,39.57839499891556
357.0,469198.969139426,4380883.51404599,2.6413649030517448,39.577108342277604
360.0,470427.979999999,4380340.06699999,2.6556989993153044,39.57225500114909
361.0,470150.978999999,4381050.98699999,2.65244200081478,39.57865100274294
362.0,470159.007999999,4381284.023,2.6525250029710943,39.580751004575816
363.0,470201.136966693,4381571.20599139,2.653002649069438,39.58334007188527
364.0,470212.872910979,4381896.78949818,2.6531246816524097,39.58627407975381
366.0,476661.967,4375820.02699999,2.7284380014901575,39.531720004197574
367.0,478462.007999999,4374310.997,2.7494320028386072,39.51816999903882
368.0,470394.017999999,4383981.03799999,2.6551409951666027,39.60505999732348
369.0,470391.625232806,4384314.44458597,2.6550982202517033,39.60806399197869
370.0,470317.974999999,4384611.058,2.654227004809691,39.610734002107456
371.0,470345.041,4385109.05399999,2.6545199944329876,39.61522200427237
372.0,470402.992,4385447.002,2.655180002940678,39.61826900122176
373.0,470395.453871373,4385659.9759104,2.6550826564345145,39.62018768494951
374.0,470385.957999999,4385816.98,2.6549649989289748,39.621601999340896
376.0,470376.992,4385829.001,2.654859999272697,39.621710001002796
377.0,470384.778981982,4385652.89251163,2.654958604225677,39.620123492583915
378.0,470363.012999999,4385363.029,2.6547179949282085,39.61751100148495
379.0,470330.973999999,4385067.04399999,2.6543579993581607,39.61484299673389
380.0,470337.011999999,4384472.03199999,2.654454994801563,39.60948200343113
381.0,470396.474045671,4384332.04607515,2.655153915355375,39.60822275344584
382.0,470369.005999999,4383951.058,2.6548509942126866,39.604789004794135
383.0,470321.017999999,4382880.019,2.6543400032419076,39.59513700141439
384.0,476664.16499515,4375807.34370221,2.7284640223394883,39.531605781966455
385.0,470126.992,4382109.98099999,2.652114997675355,39.58819200508566
386.0,470000.03,4381922.02099999,2.650644997233228,39.5864939974829
387.0,470097.038999999,4381582.03299999,2.6517899973588013,39.58343400035569
388.0,470146.744051562,4381294.84201621,2.652381714357714,39.580848059957304
389.0,470132.994,4381064.042,2.6522320016487653,39.57876800561103
390.0,470204.971,4380821.041,2.6530809943893643,39.57658099994168
391.0,478621.992,4374721.96399999,2.7512799958836984,39.52187699948728
392.0,471985.983999999,4380843.00999999,2.6738170009396787,39.576839003147015
393.0,471579.965508143,4380727.85263191,2.6690945056319215,39.575788033944285
394.0,471714.021999999,4380314.053,2.670672995705378,39.57206400197112
395.0,471605.96,4380240.978,2.6694180019711897,39.571402000768735
396.0,479927.979999999,4375757.03699999,2.7664430005680125,39.53123500354815
397.0,478997.198612171,4375167.80115341,2.7556311779765923,39.525903455734024
398.0,469655.036,4384619.963,2.646503998625579,39.61079099841467
399.0,480300.036,4376877.001,2.7707389985934867,39.54133500369997
400.0,470789.961999999,4380054.01599999,2.6599260043216715,39.56969000193746
401.0,471200.001999999,4380256.02099999,2.664690995736529,39.57152400220638
402.0,479916.021,4375751.963,2.766304000617826,39.531189004818515
403.0,470759.983,4380258.007,2.6595679944527495,39.57152700268635
404.0,470386.978999999,4380667.95999999,2.655207005531988,39.57520800126998
406.0,470730.904096528,4380238.92669749,2.6592302855264864,39.57135409100091
407.0,470957.994999999,4380243.05399999,2.6618740004233414,39.57139900184097
408.0,471342.043,4380225.97099999,2.666346004366913,39.57125800183798
409.0,479712.969999999,4375304.014,2.7639549970450585,39.527148004671
410.0,471545.043,4379816.023,2.66872699988327,39.56757099958223
412.0,470810.978999999,4379706.002,2.660185994941414,39.566555001353045
413.0,480102.032999999,4376366.989,2.768449999290766,39.53673499994713
414.0,471619.027999999,4380221.064,2.6695709975886657,39.57122300193979
415.0,471899.277036848,4380217.98013896,2.6728339123321834,39.571204446591416
416.0,472101.995999999,4380243.05499999,2.6751930025245936,39.5714369995888
417.0,472107.998,4380477.98599999,2.675253004529694,39.57355399921023
418.0,472046.962999999,4380676.979,2.6745339993388897,39.575345001847765
422.0,470460.974999999,4380478.00499999,2.656077005613621,39.57349900212456
423.0,478328.487760838,4373872.85046565,2.7478929446453577,39.51421873504592
425.0,478076.111947957,4374260.23087796,2.7449442920941403,39.51770280992771
426.0,477850.027,4374534.023,2.7423049988044816,39.5201640028921
427.0,477701.560117879,4374713.86428631,2.7405717081705694,39.52178061333356
428.0,477367.022999999,4375113.97099999,2.736666002611912,39.52537700387511
429.0,477184.993,4375291.966,2.734542003801916,39.5269760009636
430.0,476905.966,4375594.0,2.7312850021729695,39.52969000070814
431.0,480091.016,4376360.02599999,2.768322005472457,39.53667200473203
432.0,476485.023999999,4376020.997,2.7263720012085533,39.533526001779805
433.0,476247.993,4376213.05499999,2.723606998025778,39.53525000037753
434.0,475938.961,4376349.96399999,2.720005995208438,39.536475001561755
435.0,475635.622595527,4376525.08791127,2.7164697211851787,39.53804438419967
437.0,475468.009,4376585.06199999,2.7145169967888365,39.53858000127736
438.0,475136.023999999,4376896.985,2.7106420057505156,39.54138100103277
439.0,474306.751805362,4377770.09254737,2.7009575910021084,39.549223613995316
440.0,473919.039999999,4378027.02799999,2.6964350032418225,39.55152700160733
441.0,473728.290903217,4378213.58022602,2.6942074609923146,39.55320208665015
442.0,473540.972999999,4378469.02699999,2.6920170047264262,39.555497998968896
443.0,473044.907713069,4378660.62151118,2.686235109213415,39.55720889010349
444.0,472650.972,4378797.972,2.681643994670348,39.5584339968041
445.0,472261.004,4378909.014,2.6771000051046636,39.559422000983965
446.0,471908.038,4379081.98099999,2.672983994264157,39.56096900483893
447.0,471711.012999999,4379187.024,2.6706860031253568,39.561909001674294
449.0,470898.994999999,4379446.967,2.6612220040462744,39.564224004153246
450.0,470527.956999999,4379686.98799999,2.656891996743762,39.56637399851389
451.0,470572.973999999,4379869.052,2.6574079946104803,39.56801599862322
452.0,470542.969999999,4380200.00999999,2.6570439997898685,39.57099700307951
453.0,469637.825311867,4379978.07163472,2.6465161155373997,39.56896569526688
455.0,470272.994999999,4380710.01699999,2.653877994834406,39.57558300230958
456.0,470502.978,4380299.04899999,2.656573994525524,39.57188800001926
457.0,470531.006999999,4380036.02099999,2.6569120047185195,39.56951900020911
458.0,470493.0,4379669.9,2.6564858004767204,39.566218828065914
459.0,470867.972999999,4379443.97599999,2.660861000085407,39.56419600100614
460.0,466468.998,4382601.01599999,2.6094920052912394,39.59248100401639
461.0,469731.989,4384519.997,2.647404996255176,39.60989300487221
462.0,471763.895801485,4379125.51863823,2.6713042219354626,39.56135656033301
463.0,472058.967,4378984.989,2.6747450006968,39.560100004003054
464.0,472359.012999999,4378882.02699999,2.678242000383807,39.55918200282376
465.0,472652.994999999,4378786.978,2.681667995858551,39.55833500150322
466.0,472960.006999999,4378657.046,2.6852470005056737,39.55717400133639
467.0,473501.005999999,4378489.03,2.69155099705822,39.55567699960813
468.0,473700.406241289,4378223.89344412,2.693882490241465,39.55329415818799
469.0,473994.027,4377996.03299999,2.6973090041159744,39.55125000127554
470.0,474384.010999999,4377686.97499999,2.70186000064569,39.54847700307014
471.0,475333.996999999,4376706.01599999,2.7129530052108706,39.53966600547521
473.0,475564.021,4376457.01699999,2.715638999801639,39.5374290018976
475.0,475868.021999999,4376281.04299999,2.7191830022867243,39.53585200329411
476.0,476183.000999999,4376233.00999999,2.722850004325194,39.53542800262612
477.0,476482.993,4376003.024,2.726349003887399,39.53336400175298
479.0,476968.996999999,4375519.00999999,2.7320210012325026,39.5290160010615
480.0,477205.000999999,4375257.059,2.734775995825061,39.526662004798126
481.0,477372.962999999,4375087.983,2.736735997841948,39.52514299691729
482.0,477676.017999999,4374729.962,2.7402740043239358,39.521924997522326
483.0,477885.02,4374476.989,2.742714003074002,39.519651002061366
484.0,478070.578985294,4374257.28599102,2.744880020991522,39.517676133891925
486.0,478325.963999999,4373860.013,2.7478640038730915,39.514102999753014
487.0,478542.961,4373466.97699999,2.750400999502014,39.51056700535031
488.0,478649.026,4373210.98099999,2.7516430018190743,39.50826300028495
489.0,466695.965,4382805.02199999,2.6121249952748333,39.594327998028234
490.0,478653.033999999,4372794.01099999,2.751702994439402,39.50450599724167
492.0,469923.984999999,4381028.006,2.6498000013376917,39.578436002305686
493.0,469718.283363293,4381246.79251966,2.6473948999845063,39.58040008911375
494.0,469719.961,4381322.024,2.6474109994883053,39.58107800545319
495.0,469648.005,4381631.064,2.6465589947501202,39.5838599975659
496.0,469621.010999999,4381842.041,2.646234996399265,39.585760002371615
497.0,469594.973999999,4382034.035,2.6459229949661314,39.587488997523614
498.0,469585.973999999,4382256.04,2.645808003959054,39.58948900338923
499.0,469466.966,4382562.04999999,2.64440800472641,39.59224200225584
500.0,469133.033999999,4383143.05099999,2.640491997579083,39.59746500389272
502.0,468978.971,4383328.014,2.63868899798111,39.59912600094466
503.0,468723.038,4383818.046,2.635684994258723,39.603531999950334
504.0,468580.009428696,4384155.44172186,2.6340030212974965,39.60656677862255
506.0,468410.971,4384554.03799999,2.632014997214922,39.61015200218972
507.0,468346.972999999,4384857.06699999,2.631255005259851,39.612879996824546
508.0,468266.966,4385086.02599999,2.6303120009509815,39.61494000505242
509.0,468119.004,4385361.99,2.6285749970037204,39.6174210012213
510.0,467992.027,4385604.01999999,2.627083996056244,39.619597002559594
511.0,467939.033999999,4385761.06199999,2.6264589949471757,39.62100999934301
512.0,467856.972,4385965.06199999,2.625493005785577,39.62284500187091
513.0,467738.981,4386135.029,2.624110003421295,39.62437199788434
514.0,467499.037,4386427.041,2.6213000053575626,39.62699400181393
515.0,467298.01,4386785.04299999,2.618940000161391,39.63021200567233
516.0,467182.021999999,4386975.98699999,2.617579005724102,39.631928003619684
517.0,467059.994,4387379.052,2.6161369969083563,39.63555499838416
518.0,467056.034999999,4387537.002,2.616082994432542,39.63697800176141
519.0,467063.984999999,4387328.98099999,2.61618599800733,39.63510400392131
520.0,467189.016999999,4386945.991,2.6176620030498623,39.63165800269964
521.0,467360.03,4386677.013,2.6196680030440094,39.62924100414617
522.0,467491.968999999,4386419.968,2.621217998468643,39.626930004271514
523.0,467747.026,4386109.025,2.6242050053853045,39.62413800005254
524.0,467848.041,4385963.989,2.625389002538388,39.62283499844211
525.0,467935.972,4385746.98,2.626424002604386,39.62088300297715
526.0,467989.033999999,4385586.053,2.6270499950209483,39.619435004285904
527.0,468081.989999999,4385398.99,2.628141995245345,39.61775299951319
528.0,468275.026,4385042.042,2.630408005204091,39.61454399849648
529.0,468324.460414284,4384889.37534489,2.6309912022687105,39.61317026939996
530.0,468419.418535427,4384512.622654,2.6321153768015915,39.609779152267706
532.0,468579.130350125,4384135.05113441,2.633993748793342,39.60638302245123
533.0,468722.016999999,4383798.961,2.635674002938836,39.60336000226897
534.0,469021.971,4383260.03,2.639193000563699,39.59851500448329
535.0,469128.026,4383135.968,2.640434000390859,39.59740100379573
537.0,469374.037,4382730.00499999,2.6433179996210754,39.59375200380819
538.0,469451.000999999,4382542.025,2.6442230003828326,39.59206100258835
539.0,469552.967,4382334.96899999,2.6454199967757885,39.59019900260726
540.0,469572.028999999,4382095.05599999,2.6456529967260516,39.588037998857715
541.0,469599.999,4381827.03,2.645991003120279,39.58562400395891
542.0,469628.530948353,4381630.02736545,2.6463322760710986,39.58384996725488
543.0,469919.765337051,4380992.17585522,2.649752494052359,39.57811301420309
544.0,466729.016,4382863.036,2.6125070026795156,39.59485200165503
545.0,467075.032,4382658.006,2.6165470039777126,39.593018002509915
546.0,476819.978999999,4377615.02799999,2.7302140046653385,39.5478979967521
547.0,476738.292895381,4377497.80079919,2.7292673969704087,39.546839521381585
548.0,474711.403410131,4378414.06839125,2.7056427314858498,39.555038103569125
549.0,466526.989999999,4382648.04399999,2.6101650007502415,39.59290700481354
551.0,469667.994,4382631.06699999,2.646746004727154,39.5928710046958
554.0,471056.990999999,4379568.01099999,2.6630559989551044,39.565319996799346
555.0,471187.026,4379954.96999999,2.6645529949723534,39.56881100112133
556.0,469748.990999999,4382747.06099999,2.647684004765442,39.59391900533498
557.0,469756.297851027,4382666.89750918,2.647772759860793,39.59319696900822
558.0,469591.998,4382630.03399999,2.6458609998840297,39.59285900304618
559.0,470301.021,4380850.96999999,2.6541979953301467,39.57685400233233
560.0,471134.456209639,4381505.71832093,2.6638734978024265,39.58278195323045
561.0,471265.988,4381785.024,2.665392999735809,39.585303000404046
562.0,477522.038,4380214.06199999,2.7382970027471,39.5713349969541
563.0,477520.985999999,4380206.963,2.738284995303642,39.57127100471082
567.0,469632.015,4385292.06799999,2.646205000119273,39.61684600431716
568.0,469127.987,4380505.96899999,2.6405559999228427,39.57370399973685
569.0,469044.982,4380196.98799999,2.6396040029659384,39.57091699808205
571.0,469563.976,4387604.047,2.645305994809575,39.63767500522429
572.0,468559.972999999,4387578.99899999,2.633607000531269,39.63741300336624
583.0,471237.003,4381773.035,2.6650559954687347,39.58519400358873
585.0,471158.705175519,4379903.4847272,2.6642255205922734,39.56834615019799
586.0,471356.312906731,4380391.12048626,2.6665050113773776,39.57274652783982
598.0,470255.972999999,4380728.06199999,2.653678995996804,39.57574500269082
604.0,479199.021999999,4373773.04999999,2.758022997208736,39.51334100432496
605.0,478901.026,4373251.02099999,2.7545730003497297,39.50863000486037
607.0,472121.996999999,4384994.99299999,2.6752259961754463,39.614253999286525
608.0,471567.998,4386557.018,2.668705002391786,39.62831000176707
609.0,471503.596217151,4379631.0734612,2.668252424689709,39.56590316749145
610.0,469978.995999999,4382695.99799999,2.650365005793295,39.5934670051633
611.0,470214.022999999,4382744.031,2.6531000055766367,39.59390799933523
615.0,470255.967,4382754.968,2.6535880037907367,39.59400800200237
616.0,469998.038,4382713.01499999,2.6505860013408693,39.59362099997524
617.0,471412.961999999,4379963.00899999,2.667183003638006,39.56889099765174
618.0,475590.274349625,4378525.16848201,2.715868515718083,39.556064616229435
619.0,471872.017999999,4385602.98699999,2.672287995037203,39.619724001081316
621.0,469390.02,4382733.04899999,2.6435039999511734,39.5937800022808
622.0,479293.154897169,4371929.32683255,2.7591753808425956,39.49673042221775
623.0,470288.038999999,4381092.96499999,2.654036001262944,39.57903399892418
624.0,478612.483932208,4372494.91351337,2.7512409491451373,39.501809973699636
625.0,478953.812164554,4372172.26524854,2.755221115073461,39.49891117814279
643.0,471869.996999999,4385590.00899999,2.67226500076813,39.619606999667845
644.0,471755.994,4385937.031,2.6709219950698406,39.62272999813218
645.0,471749.042,4385937.057,2.6708409957180734,39.622730002933025
660.0,479057.018999999,4373489.985,2.7563800037005737,39.510787002571334
662.0,469954.02,4380028.03299999,2.6501950047691474,39.5694270008401
663.0,470114.041,4380161.03699999,2.6520519982688517,39.570631000198475
664.0,470226.988,4380137.95999999,2.653367999266874,39.57042699896282
665.0,471628.014,4386331.05399999,2.6694139982193286,39.62627600563354
666.0,472020.014,4385229.984,2.674027998507985,39.61636800112394
668.0,471466.784533121,4386861.28413667,2.6675125404339095,39.63104813970061
669.0,476947.978999999,4381926.008,2.731554004735985,39.586745002920644
670.0,472016.969999999,4385219.008,2.673992999820355,39.616269005067146
671.0,471621.988,4386325.96999999,2.6693440033280496,39.6262299977767
673.0,474278.031,4378114.057,2.7006099948864457,39.55232200361875
674.0,474272.982,4378120.06699999,2.7005509951637783,39.552376004591174
675.0,475877.0,4376221.0,2.719289654592475,39.53531124312582
676.0,476268.0,4375962.0,2.723848772056667,39.53298844184996
677.0,476624.0,4375710.0,2.7280000896269687,39.53072758060013
678.0,476832.875014144,4375524.27002923,2.7304369765742167,39.52905973425521
679.0,475445.0,4376120.0,2.7142664209352825,39.53438894296205
680.0,476937.351212847,4375408.83804164,2.731656609229657,39.528022454047765
681.0,477139.845730374,4375185.11873456,2.73402038292781,39.5260120590592
682.0,477330.809100925,4374973.40890505,2.7362494503484336,39.524109521321535
683.0,477530.622404546,4374749.74292807,2.738581762976023,39.52209944109039
684.0,477733.829010775,4374503.72825364,2.7409541667281103,39.51988802890118
685.0,477905.492678411,4374298.26429557,2.742958116044086,39.51804113691937
686.0,478078.36529668,4374073.90666642,2.744976645763332,39.51602399951648
687.0,478231.036875908,4373834.31258473,2.746760559038383,39.5138690267192
688.0,478490.0,4373330.0,2.7497893631387322,39.50933145260561
689.0,478557.0,4373173.0,2.7505737778106063,39.50791848153278
690.0,478659.0,4372845.0,2.751770752754936,39.50496558125445
691.0,478643.240305316,4372968.12607039,2.7515834943608204,39.50607461571339
692.0,478562.032999999,4373183.03199999,2.75063199833303,39.50800900028563
693.0,478372.032,4373611.063,2.748408003326088,39.51186100323647
694.0,478235.961458034,4373835.02239668,2.7468178232088882,39.513875547231734
695.0,478084.020252458,4374075.95488418,2.7450423641026296,39.51604259920589
696.0,477908.841955548,4374299.16859181,2.7429970502878303,39.51804937119088
697.0,477739.124958991,4374505.69114094,2.741015713798968,39.51990585268946
698.0,477535.86762266,4374753.26945802,2.7386426683635703,39.522131353934114
699.0,477333.240354005,4374977.5608595,2.736277595605524,39.52414699646615
700.0,477144.264239435,4375189.16656966,2.7340716529762457,39.526048649463135
701.0,468773.979999999,4382892.00499999,2.636321998253973,39.59519000271254
702.0,476954.0,4375397.0,2.7318507329961634,39.527916235099454
703.0,476837.0,4375525.0,2.7304849472653205,39.529066422898275
704.0,476631.0,4375718.0,2.7280812586120637,39.530799854610315
705.0,476253.0,4375984.0,2.7236734445072255,39.533186256420926
706.0,475879.0,4376229.0,2.7193126372809293,39.53538338266976
707.0,475671.0,4376161.0,2.716894732852263,39.53476480463658
708.0,468771.032,4382906.001,2.6362870051162854,39.59531600272453
709.0,475122.0,4376365.0,2.7104987154879,39.53658719407062
714.0,466576.027,4378382.02699999,2.6109510044867617,39.554471003420986
715.0,466350.978,4378649.03299999,2.6083180021337937,39.556868005454035
716.0,466328.972999999,4378665.99799999,2.608061004445974,39.557020001400375
717.0,466578.972999999,4378368.03,2.6109859990712168,39.554345001187095
718.0,469127.113516322,4383252.45021726,2.640417945930097,39.59845050495482
719.0,469132.290035421,4383244.81575533,2.640478592304962,39.59838190310632
722.0,471099.084779709,4381488.69261371,2.6634623618034445,39.58262735444934
723.0,470825.630306118,4381242.42882761,2.660288998126041,39.580399179572595
727.0,476051.0,4376130.0,2.721317683653287,39.53449616679019
731.0,470611.976076352,4384306.68942187,2.6576653421703114,39.60800170723791
732.0,470942.995999999,4384267.06799999,2.661522995509433,39.607656005349575
733.0,474946.0,4376477.0,2.7084464347824304,39.53759124082499
735.0,470535.998,4384291.03,2.656781001717725,39.60785800082059
738.0,469924.622657237,4382232.43310452,2.6497527990570378,39.58928825288822
739.0,469780.021,4382601.99299999,2.6480520011214437,39.592612999245645
740.0,469766.012999999,4382599.05099999,2.6478889982040625,39.59258599680208
741.0,469873.038,4382299.974,2.6491490035060186,39.58989500252804
742.0,470461.043,4386619.00299999,2.65580400317667,39.62883100084918
743.0,469062.999,4386510.06099999,2.6395190025147333,39.627800003659196
744.0,469267.023999999,4386968.058,2.6418750028020543,39.63193400206968
745.0,469643.004,4386883.995,2.6462599984043904,39.63119000096257
746.0,469504.028999999,4384618.006,2.6447450024850014,39.61076799992095
747.0,468992.017999999,4385719.02099999,2.6387290050600662,39.62066999885117
748.0,469575.981,4385253.0,2.6455539964355532,39.616492002981786
749.0,469224.039999999,4384346.983,2.6414959968211336,39.60831600038307
750.0,469221.033999999,4383701.063,2.6414909944073046,39.60249599766863
751.0,468663.772077215,4383036.0365023,2.6350316609205597,39.59648373804604
752.0,468453.617000703,4383280.87802069,2.6325724075007706,39.59868210612039
753.0,468377.967090949,4382964.11303354,2.631706429422306,39.59582518685814
754.0,468526.965,4382790.014,2.633450003621157,39.59426199857069
755.0,469044.958999999,4381884.06099999,2.6395250007982822,39.58611799839763
756.0,469335.992,4381496.008,2.64293199644579,39.58263199811648
757.0,469672.957999999,4381030.985,2.646877001380712,39.57845399896065
758.0,469341.022999999,4381530.06099999,2.6429890046528133,39.58293900508607
759.0,469048.974999999,4381922.002,2.6395699955760263,39.58646000206121
760.0,468353.02,4382836.007,2.6314220001510367,39.594669998639006
761.0,468308.006999999,4383102.99899999,2.6308849964040633,39.59707399786483
762.0,468417.988,4383290.002,2.6321570019264806,39.59876300240406
763.0,468666.026,4383012.972,2.6350590020702507,39.59627600360333
764.0,469226.973999999,4383705.035,2.6415599969075476,39.602531999822375
765.0,469233.977,4384363.036,2.6416110034262683,39.60846099881531
766.0,469272.023999999,4384626.03,2.6420419967323356,39.61083200272211
767.0,469222.982,4385007.01499999,2.641452996464733,39.61426300348924
768.0,469159.990999999,4385246.99399999,2.6407079970891005,39.61642300117466
769.0,469071.994,4385436.02099999,2.639674003137911,39.61812300120171
770.0,468944.977,4386144.06199999,2.6381610010085006,39.624498002222516
771.0,478473.967999999,4373388.03799999,2.7496009987854606,39.50985400136317
773.0,478359.0,4373616.0,2.7482562466053895,39.51190515979483
775.0,470469.041,4387273.008,2.655868001278448,39.63472400166929
776.0,470459.972,4387280.035,2.6557620058055766,39.63478700328379
780.0,466291.0,4382602.013,2.607419003892194,39.59248300206388
781.0,466313.985999999,4382596.03,2.6076870010993796,39.59242999799781
784.0,465888.006999999,4378163.064,2.602954001825819,39.55247100285197
785.0,465492.016999999,4378182.024,2.598344003096468,39.55262600141983
786.0,465547.923783248,4378142.91579509,2.5989967443596758,39.55227587249487
787.0,465842.978,4378161.04299999,2.6024300032733088,39.55245100149608
788.0,470357.992,4385977.01699999,2.6546320032852004,39.62304300090626
790.0,470473.176145311,4387377.17717814,2.6559115380737888,39.635662730404306
791.0,470376.987,4385917.012,2.6548560018044958,39.622502999976426
792.0,470469.972,4386619.968,2.6559080014905843,39.62884000392453
793.0,475947.973999999,4380212.03299999,2.7199710021195758,39.571274001384545
794.0,475938.995999999,4380225.046,2.719866003815979,39.57139100131875
795.0,472254.96,4384683.979,2.6767880012834917,39.61145600129599
796.0,471286.037,4379994.001,2.6657039955747712,39.56916600437126
797.0,470342.021,4382848.974,2.6545860024265253,39.59485800500861
799.0,470506.012999999,4380329.00299999,2.656607998111337,39.57215799917649
802.0,474702.96,4378425.95999999,2.705543999070764,39.5551450024947
804.0,474455.966,4380167.99,2.702602003987525,39.57083400393969
805.0,474474.02,4380147.065,2.7028130011141567,39.570646000069864
806.0,476405.0,4375865.0,2.72544636228339,39.532118206594916
807.0,476411.0,4375872.0,2.7255159297224507,39.5321814444645
808.0,475376.995999999,4382081.019,2.713254003846404,39.58809800079336
810.0,470488.992,4380370.02099999,2.6564080052792605,39.57252699820187
811.0,480875.984999999,4378358.058,2.777398997463309,39.554693003585044
812.0,475315.546324446,4380229.2529931,2.712607321748484,39.57141118444152
813.0,470591.023999999,4380233.01099999,2.6576020005513126,39.57129600197885
814.0,472558.041,4380110.01699999,2.680508003678794,39.5702530015098
815.0,475485.547883961,4380347.70210377,2.7145821924592397,39.572483331026234
816.0,475437.979999999,4380547.03199999,2.714020994257168,39.574278002624226
817.0,475363.021999999,4380877.002,2.7131360034186804,39.57724899700347
818.0,475504.017999999,4380976.99399999,2.714773997633764,39.57815400071414
819.0,475630.965,4380925.984,2.71625399847948,39.57769800134455
820.0,475691.038999999,4380665.98199999,2.7169630027255662,39.575356997544446
821.0,475755.965,4380390.983,2.7177289976838965,39.57288099718475
822.0,476043.0,4376125.0,2.721224772959148,39.534450891469646
824.0,472484.266656367,4380131.62288367,2.679648205254236,39.57044531323686
825.0,471957.03,4380225.046,2.67350599934783,39.57127000325161
827.0,479864.038999999,4379121.96899999,2.7655970029345736,39.561553003110575
828.0,477241.186383827,4380191.47372729,2.735027953664771,39.57112405883232
829.0,479806.003,4379793.01099999,2.7649009943660525,39.567597998751
830.0,478924.406676949,4379840.61670006,2.754636003122902,39.568005729317164
831.0,479083.012999999,4379793.048,2.756483996118035,39.56758100033273
832.0,480264.990999999,4378800.97099999,2.770273997133982,39.55866999768718
833.0,480707.772143513,4378516.36306981,2.7754364369838043,39.55611563325547
834.0,480875.007999999,4378344.96399999,2.7773880024943645,39.5545749992562
835.0,480681.972,4378554.979,2.775134999328347,39.55646299853847
836.0,480269.006999999,4378826.04299999,2.770320000062276,39.5588959992653
837.0,479077.025,4379802.05399999,2.756414000351017,39.56766200185485
838.0,478902.990999999,4379862.014,2.7543860017612087,39.5681980007389
840.0,477316.978,4380202.00999999,2.7359099970746055,39.571221003157035
841.0,480666.983999999,4379569.065,2.7749310055344742,39.56559999844837
843.0,475752.011999999,4380445.04499999,2.7176809979648127,39.57336800336544
844.0,475704.978999999,4380646.95999999,2.717126005372812,39.57518599777568
845.0,475663.967,4380823.997,2.716642001502569,39.57678000030167
846.0,475410.979999999,4380779.961,2.713697999510225,39.57637600077714
847.0,475286.600467786,4380637.27936489,2.7122551202724403,39.57508681245655
848.0,475328.260173967,4380238.58092934,2.712754996174074,39.57149559843251
849.0,474448.962999999,4380440.03299999,2.702509995891296,39.57328499726744
856.0,476842.66108324,4382217.55456493,2.7303173828576566,39.58936909815002
857.0,476855.988,4381919.069,2.7304830020758017,39.586680000437674
860.0,472670.039800989,4381437.99556356,2.681757214913674,39.58222209544096
861.0,472858.312449986,4381504.29096926,2.6839468045407626,39.58282542119013
862.0,472982.026,4381587.048,2.68538400302833,39.58357499730169
863.0,472876.978,4381948.00399999,2.684146003675868,39.58682400510455
865.0,467086.359916812,4380434.19234247,2.6167893040146897,39.57298132014855
866.0,475137.0,4376163.0,2.7106808217416365,39.53476752568456
870.0,464676.003,4382937.973,2.5885930014701843,39.59544500274046
871.0,464855.036,4382505.978,2.590700996770766,39.591560002910214
872.0,465373.018999999,4382167.019,2.5967510020939604,39.588527000393086
873.0,464934.017999999,4382918.04,2.591599000216785,39.59527600303072
874.0,465112.971,4382255.979,2.59371799917855,39.58931800054719
875.0,472957.042,4380117.04499999,2.6851530053650436,39.57032900394301
876.0,472937.967999999,4380139.974,2.684930004798366,39.57053500009255
880.0,476956.009,4375804.052,2.7318600006783362,39.531584005115484
882.0,477382.963999999,4375422.01099999,2.736840997154897,39.52815300120054
883.0,477997.973999999,4375145.002,2.7440060018992747,39.525673004679504
884.0,478194.016,4374899.065,2.746294996952307,39.523462000987664
885.0,478327.957999999,4374572.06799999,2.7478640053108836,39.52051899817261
886.0,479220.78384916,4372213.66391774,2.758324826557309,39.499290696345476
887.0,479208.001999999,4372155.023,2.7581779979180876,39.49876200311603
888.0,478961.006999999,4371976.01099999,2.7553109944581227,39.497143004959945
889.0,478881.038999999,4372132.046,2.7543760054254074,39.49854699764321
890.0,478837.023999999,4372544.019,2.7538510000685017,39.502257996747716
891.0,478851.36759577,4372896.02277058,2.754006648768841,39.505430077049354
892.0,478906.038,4373165.995,2.7546339948911984,39.50786400235309
893.0,478337.005,4374580.03399999,2.747968999175964,39.520591003744755
894.0,478201.009,4374910.03299999,2.7463759978359747,39.523561005204776
895.0,477962.353468483,4375205.88907411,2.7435895425328933,39.526220711267506
896.0,477408.958999999,4375406.065,2.737143998990133,39.52801000499342
897.0,477244.983999999,4375672.01499999,2.735227000404553,39.530402001642294
898.0,476950.010999999,4375810.06199999,2.7317900002687945,39.53163799681002
900.0,478771.990999999,4373001.997,2.753079997144066,39.50638299948247
902.0,479236.474513617,4372390.43470686,2.758501805124306,39.50088386890205
903.0,478791.335249009,4372307.0940176,2.7533271401826767,39.50012205892474
904.0,470353.978,4383324.052,2.6547040046708856,39.599138998316384
905.0,470390.395946188,4383422.79023156,2.6551237556645058,39.6000299154854
906.0,469351.039999999,4382020.01699999,2.6430829990547977,39.587354001085636
907.0,466903.037,4382677.05399999,2.6145429954391908,39.593183001983746
908.0,466705.965,4378171.04,2.6124740041701724,39.552575001794374
909.0,466695.039999999,4378167.979,2.6123469988394152,39.55254699724451
910.0,467948.016,4381061.036,2.626791002705897,39.578661999589976
911.0,468071.033999999,4381422.00299999,2.628206001811243,39.581918999781664
912.0,468263.017999999,4381536.96899999,2.6304359966092257,39.58296200483406
913.0,468633.038999999,4381741.0,2.634735003861719,39.58481400163145
914.0,469167.011999999,4381869.03399999,2.6409469945067725,39.58598700143121
921.0,467861.971,4378688.99299999,2.6259039978625256,39.557285998598964
925.0,467864.56950872,4378740.2572148,2.6259317635632913,39.55774800188087
927.0,469617.0,4379901.0,2.6462771951484094,39.568270518822104
928.0,470490.0,4379582.0,2.6564547839598602,39.5654267179915
931.0,468064.0,4380405.0,2.628173060566886,39.572755265113386
939.0,467346.886214596,4379462.87041866,2.6198703203497358,39.56423940412563
942.0,467898.0,4378219.0,2.626346097973998,39.55305256812053
943.0,468236.0,4379800.0,2.6302045567408254,39.56731043302698
945.0,477368.984999999,4376048.991,2.736657005334211,39.5338019972088
946.0,478212.025,4375739.03899999,2.7464770018456393,39.531031002334146
947.0,478946.026,4375540.013,2.755024001931829,39.529256001087205
948.0,479609.999,4374877.00299999,2.7627700035495235,39.523297998177746
949.0,479598.006999999,4374860.05499999,2.7626310021311857,39.52314500396901
950.0,477532.031,4374902.069,2.73859300545379,39.52347200469829
951.0,477512.016999999,4374935.97599999,2.7383590053681135,39.52377699820482
952.0,478996.973999999,4375533.99199999,2.7556169985184713,39.529202996904495
953.0,478211.012999999,4375746.03399999,2.746464997164873,39.53109400471268
954.0,477374.038999999,4376073.05999999,2.7367149957753103,39.53401900254436
955.0,476925.994,4382097.98699999,2.7312920016718625,39.58829400149159
959.0,469548.039999999,4386458.963,2.6451729973199196,39.62735699974193
964.0,470108.010999999,4382086.96899999,2.651894996542395,39.587983998610895
965.0,471004.972999999,4382002.974,2.662344003357687,39.58725800128732
966.0,470716.010999999,4380984.00899999,2.659024004288419,39.578067001476825
967.0,470842.982,4380538.03899999,2.6605220025945004,39.574053004409585
969.0,470567.005999999,4379610.03899999,2.6573500027018446,39.565682004819685
971.0,471408.317089714,4380895.0649119,2.6670887608698006,39.577288960442864
972.0,471008.997736734,4381077.28804583,2.6624313411707416,39.57891743353205
973.0,470798.958999999,4381206.995,2.6599799984298635,39.580079001954196
974.0,470957.226119844,4382040.4135044,2.661786345295592,39.58759372501032
976.0,469157.012999999,4381881.05999999,2.6408299979497643,39.58609499910273
977.0,468253.023999999,4381549.995,2.6303189992893303,39.5830790023763
978.0,468075.042,4381435.97099999,2.6282519992707196,39.58204500445606
979.0,467938.033999999,4381077.059,2.6266740014255974,39.57880599777371
980.0,467841.985999999,4380781.019,2.625570003602021,39.57613499983623
981.0,469816.012999999,4380980.03799999,2.648544998753238,39.57800000131282
982.0,467859.998,4380610.02799999,2.625788005279039,39.57459500001271
983.0,470418.966,4380117.024,2.6556039965411244,39.57024500417191
985.0,469655.007999999,4380221.98099999,2.6467050030048305,39.57116400029031
986.0,469621.977,4380056.967,2.64632799720637,39.569676004951965
989.0,466925.038999999,4382822.01699999,2.6147919976480067,39.59449000188314
990.0,469265.883647417,4380711.08610519,2.6421520037769413,39.57555711894406
992.0,474073.028999999,4377624.973,2.698243002488511,39.54790900104239
993.0,475572.042,4381493.962,2.7155470042574548,39.582814002058086
994.0,469409.990999999,4382009.018,2.643769997431109,39.587257003674445
997.0,474153.036,4377577.98099999,2.699175998620851,39.54748799887313
1001.0,468537.038999999,4382544.031,2.633579004698316,39.59204599983842
1002.0,468523.021999999,4382538.983,2.633416004079829,39.592000001196574
1003.0,478660.011999999,4372985.991,2.751778004111252,39.50623600409055
1004.0,475461.02,4381796.966,2.7142430030358407,39.585540998828534
1005.0,471060.991350343,4379620.37641465,2.6631002856082593,39.56579196112554
1006.0,471238.971,4379671.99,2.665170004145027,39.56626300413132
1007.0,472183.998,4382906.04299999,2.67603600524463,39.595434004343645
1008.0,472391.026,4382909.961,2.678446994505697,39.59547600418274
1009.0,475138.027999999,4376878.99899999,2.7106660002236134,39.541218997995536
1012.0,469811.016999999,4387798.96399999,2.6481760010969277,39.63944000035417
1013.0,469514.025,4387580.04899999,2.64472499478609,39.63745699972009
1014.0,469815.979999999,4387642.01099999,2.64824100304485,39.63802599831018
1015.0,470942.727241514,4382641.53230083,2.661591154002515,39.59300948421616
1017.0,471987.012999999,4382617.974,2.6737539950495237,39.59283200043897
1018.0,471971.961,4382587.064,2.6735800055656815,39.59255300004202
1019.0,472305.988,4383044.001,2.6774509970271594,39.59668099831192
1024.0,468008.370859666,4383524.24029434,2.627374880716449,39.60085834309762
1025.0,468212.096920652,4383237.98287929,2.629761483269978,39.59828668125272
1026.0,468406.966,4382568.979,2.6320630008464287,39.592266000859595
1027.0,467838.967,4382242.03299999,2.6254639971421434,39.589299002378
1028.0,467845.027,4382233.018,2.625535005606681,39.58921800242163
1029.0,468434.967,4382570.973,2.632389003240138,39.592284999427264
1033.0,471907.240237078,4383765.85599594,2.672776291791267,39.60317212847065
1034.0,471288.057351768,4384553.25264976,2.6655300480440696,39.6102462430258
1043.0,474430.018999999,4378114.995,2.7023789955910082,39.552334998713334
1045.0,474396.738331767,4377764.8549995,2.702005128165838,39.54917911158591
1046.0,474440.011999999,4378123.064,2.70249499679612,39.55240800123163
1048.0,469663.421971156,4380224.24890391,2.6468028581780887,39.57118473254176
1049.0,465343.021,4378503.99,2.5965930006490128,39.55552099717816
1050.0,465394.031,4378498.99,2.5971870034861686,39.55547800513013
1051.0,469789.348621458,4380944.75687304,2.6482361376019345,39.577681168741655
1052.0,477521.030380902,4381956.11262113,2.7382262306828657,39.58703148082117
1053.0,477856.255958007,4381622.17032661,2.74214113968512,39.584031270151186
1054.0,480009.045763397,4379852.29633055,2.767263018893483,39.56813694115949
1055.0,482747.335596719,4383358.35462357,2.799051083451085,39.599787381746346
1056.0,483189.255210381,4383811.51740442,2.8041867766614517,39.6038793339964
1057.0,480662.762786753,4379981.05785019,2.77486985928066,39.56931212645355
1058.0,472613.972999999,4381834.064,2.6810879989142724,39.58578900541965
1059.0,472723.017999999,4381538.01599999,2.6823699947260216,39.58312499879107
1060.0,465914.971,4379873.99199999,2.603180000883686,39.567887999953804
1061.0,465929.003,4379881.03299999,2.603342997129637,39.56795199886271
1062.0,465398.016999999,4378449.029,2.597236002710053,39.55502800370305
1066.0,470403.018999999,4383664.03199999,2.655260002720169,39.6022040030085
1070.0,470347.979999999,4382165.065,2.654685997413987,39.588696003363864
1071.0,470287.325442796,4382185.19527793,2.653978751757923,39.58887528157788
1072.0,470628.760413509,4382156.62019151,2.657956158175756,39.588629584127354
1073.0,470592.770199094,4382173.63421603,2.6575362851348463,39.58878165082775
1074.0,469554.96,4384233.01999999,2.6453559973251135,39.60730099672742
1075.0,469415.033999999,4384213.042,2.6437269986022924,39.6071160035738
1076.0,469425.006999999,4384195.023,2.643844000087176,39.60695400421531
1077.0,465058.47468316,4378092.94346056,2.5933025883013108,39.551805813700284
1078.0,470285.039999999,4380760.024,2.6540159966235013,39.57603399793881
1079.0,473028.000999999,4379775.966,2.6859929951828274,39.567258001792574
1080.0,472585.041,4383455.97699999,2.6806840030467205,39.60040199720015
1081.0,472620.944586646,4383215.82356557,2.6811121076635756,39.59823929430088
1082.0,472760.016999999,4382409.99799999,2.682765001632152,39.590983001681074
1083.0,472730.996999999,4382654.04299999,2.682417001568732,39.59318099706117
1084.0,472655.957999999,4383140.97499999,2.6815229967575904,39.5975660055235
1085.0,471288.027,4383807.96499999,2.665562001799871,39.6035310055216
1087.0,470039.0,4381142.98199999,2.651133999418758,39.57947599757097
1090.0,465572.747129773,4377957.84485272,2.599295260817742,39.55060932785569
1093.0,472363.59664089,4381410.65854046,2.6781900398169247,39.58196595329111
1096.0,471543.161071674,4384129.9221973,2.668519933743261,39.60644044174404
1101.0,469619.038999999,4388162.974,2.645921994274027,39.642713001757585
1102.0,469571.016,4388148.069,2.645363001366457,39.64257699755719
1103.0,474963.32363955,4381024.98029241,2.708476531927719,39.57857075087367
1104.0,469297.016999999,4387388.018,2.642205005303017,39.63571900140068
1105.0,469288.005999999,4387388.05399999,2.6420999965182372,39.63571900229041
1106.0,467327.983,4380361.99,2.619605997969443,39.57233999992055
1107.0,467315.977,4380346.059,2.6194670020867052,39.57219599968822
1108.0,472837.643066725,4382829.90182652,2.6836518086821193,39.594768925392685
1110.0,470894.0,4387401.0,2.6608144452556637,39.63589180146417
1116.0,469585.324724746,4381396.20481775,2.645839884160506,39.581741628271295
1117.0,469223.025,4381099.023,2.641634995328176,39.57905100307759
1122.0,472232.696199333,4382237.38574919,2.6766311805788354,39.58941078595973
1123.0,472148.990999999,4382579.98599999,2.675641997670399,39.59249499858146
1127.0,467485.567530713,4378130.72677884,2.621549975166503,39.55224166780765
1128.0,471558.374546158,4384146.00889844,2.6686964546663257,39.60658589262949
1133.0,474538.838545782,4380920.019072,2.7035379789986713,39.577612510473095
1135.0,475682.057347274,4377134.74199629,2.716987770327797,39.54353893291469
1136.0,475678.747156989,4377141.8875845,2.7169489852147017,39.543603223742934
1137.0,469770.987,4386300.04299999,2.6477779952033162,39.625933001940076
1138.0,468086.300779118,4383638.29429406,2.628277063960313,39.60188890367718
1139.0,470358.858469732,4380653.15836057,2.6548802569635543,39.57507366217077
1140.0,469508.967999999,4387885.057,2.6446519996419533,39.64020500005274
1142.0,473050.971,4379785.985,2.6862600004585695,39.56734899861778
1143.0,475271.718957323,4382534.1348967,2.712011117005708,39.59217769147672
1144.0,468989.042,4386344.99,2.6386650006627708,39.626310003035464
1146.0,476772.613891782,4377486.2427698,2.7296672436268343,39.54673630852609
1149.0,485844.18838719,4379817.0155963,2.83519685268117,39.56793523510884
1150.0,476838.883093059,4382062.8513839,2.7302787909025334,39.58797506723723
1154.0,472420.901682141,4379982.18135799,2.6789167007106323,39.5690967597099
1155.0,472559.663001629,4379740.52144966,2.680542166099666,39.566923774964856
1156.0,472586.306031793,4379756.02293943,2.680851696930968,39.56706430079968
1157.0,472338.158985993,4379846.48944959,2.677959058302288,39.56787146510652
1159.0,471099.050750194,4379375.7691935,2.663554005935669,39.5635892540943
1161.0,471262.120590117,4379308.25573744,2.6654552510573577,39.562986415628494
1162.0,471084.407682274,4386603.31616691,2.663068185070081,39.62871095268499
1169.0,468578.781592411,4380632.91251145,2.6341556898637997,39.57482784296808
1170.0,468360.400719636,4380416.90623283,2.6316233828132445,39.57287353369471
1171.0,468225.220913974,4380144.61815217,2.6300625684145573,39.570415141806606
1172.0,468225.128695937,4380124.6836969,2.6300624493628573,39.57023552328948
1173.0,468376.924195084,4380427.80723907,2.631815240641773,39.57297236448141
1179.0,478326.412086607,4373877.76563172,2.747868638225657,39.51426297064714
1180.0,471757.801968144,4382895.80652322,2.6710727501229536,39.595327825481846
1181.0,472250.277574798,4383912.22470852,2.6767657900321327,39.6045021351807
1182.0,471752.042275299,4382925.63242514,2.671004398684986,39.59559637542025
1184.0,478651.021401099,4372833.78211586,2.7516783097195594,39.504864304460085
1185.0,478654.559374664,4372771.23327144,2.7517214669804866,39.50430079664076
1186.0,468021.583326242,4379305.3068,2.6277322083932626,39.562845134483176
1188.0,476908.556451619,4375591.09218631,2.7313152445374067,39.52966386971023
1189.0,476626.273330913,4375847.76379413,2.7280216981984893,39.53196895364097
1190.0,476260.705398372,4376207.77320074,2.723755114350484,39.53520276077941
1191.0,477188.863067593,4375287.65679175,2.7345871803178246,39.52693727590649
1192.0,476491.250005575,4376012.13090858,2.726444761819362,39.53344628502843
1194.0,471506.351700651,4379488.11349011,2.6682906400626782,39.564615142741815
1195.0,471579.662968267,4380092.384998,2.6691182039257964,39.57006225883253
1196.0,471885.468223337,4380094.22792212,2.6726783874054165,39.57008894629147
1197.0,472177.258241856,4379859.88627212,2.6760853077968147,39.567986969123616
1204.0,465840.605142887,4378111.17441326,2.602404949949795,39.552001576954794
1205.0,472669.252995104,4381543.88979941,2.681743688814936,39.58317621061191
1206.0,472108.56401688,4382920.89386798,2.6751568382246687,39.595565362152364
1301.0,472167.4,4382130.09999999,2.6758752783242907,39.5884419907221
1302.0,471927.099999999,4381852.29999999,2.673088668424299,39.58593109035162
1305.0,470832.550312992,4380500.98283912,2.6604021765895007,39.57371876213163
1306.0,472120.227360842,4384970.77277597,2.6752064003463203,39.61403571116871
1308.0,466885.862858488,4382051.08179625,2.6143742542669437,39.58754218083
1309.0,470746.088207792,4382057.67173945,2.659326846740928,39.5877420442462
1310.0,470978.746821595,4383557.89240849,2.661970509422711,39.60126736008096
1311.0,471204.599999999,4383296.0,2.664612508260224,39.59891526188451
1312.0,471499.258051513,4383496.03111949,2.668035808345075,39.60072745264568
1313.0,470347.218445746,4381253.46842473,2.654717894941245,39.58048223127352
1315.0,471676.0,4383874.0,2.670078229688833,39.60413891845589
1316.0,466997.617668689,4383436.40586644,2.615606670249203,39.60002858413955
1317.0,466997.794196341,4383416.09980025,2.615609737720774,39.599845628761834
1318.0,470029.0,4380983.29999999,2.6510247768303943,39.57803686659859
1319.0,471243.430836706,4380346.16125801,2.665192708712832,39.57233765211702
1320.0,470224.759286007,4380833.32718057,2.653310844243511,39.5766923896634
1321.0,470233.642232645,4382838.72231522,2.65332424264083,39.59476187551982
1324.0,477220.5,4375630.79999999,2.7349435242026376,39.530029987207904
1325.0,477187.547871118,4375630.60603469,2.7345601121142233,39.53002736461501
1330.0,469802.834159328,4380963.92881011,2.6483922836265745,39.577854388653506
1331.0,465072.039999999,4378178.02799999,2.5934560017602837,39.5525730009858
1332.0,465213.017999999,4378271.063,2.5950920035462817,39.553416999709235
1333.0,465256.998180438,4378090.85300538,2.595613332319652,39.551795040386814
1334.0,471205.912445773,4379278.08142992,2.664802237557328,39.56271264984504
1335.0,471228.705402308,4379350.45601675,2.6650644337217826,39.56336553365042
1337.0,473380.254983933,4380200.33855346,2.6900768427075303,39.57109275133701
1338.0,473234.81718063,4380413.29392938,2.6883750008554483,39.573007022829266
1339.0,473395.184938255,4380591.38064473,2.6902349833236676,39.57461663544732
1340.0,473083.087536967,4380545.977222,2.686603065697479,39.57419779287089
1341.0,468778.599999999,4380364.73,2.6364947968912813,39.572418742826
1342.0,468726.177192335,4380345.80144488,2.6358853512363143,39.572246280418895
1343.0,468748.299999999,4380367.5,2.6361418955864178,39.572442597339666
1344.0,467463.269279515,4378114.94145938,2.6212912144788496,39.55209859193608
1345.0,471246.799999999,4379654.79999999,2.6652618910185564,39.56610837920625
1348.0,466816.099999999,4380496.79999999,2.613639626403195,39.57353501316303
1349.0,470958.0,4383945.0,2.661711891347581,39.60475459833672
1350.0,468763.289582898,4380308.12884743,2.6363192085239824,39.57190819248085
1351.0,469372.482612094,4384287.52988184,2.64322789770314,39.60778563627071
1353.0,476597.494915184,4375874.92032032,2.7276858781640088,39.532212861636886
1355.0,477327.003421247,4376195.46012621,2.736163500998332,39.535120639600784
1356.0,476641.004973421,4375822.93981461,2.728193987000204,39.53174567984466
1363.0,477133.261197416,4375746.01004179,2.7339244835193974,39.53106576102487
1364.0,466962.854946175,4383317.29621214,2.615207720880214,39.5989540394
1365.0,466365.279553073,4383322.41966461,2.6082474951605072,39.59897694508943
1366.0,466971.465023362,4383332.72663525,2.615307233432727,39.59909340302536
1367.0,466375.769140779,4383350.01849189,2.608368266974919,39.59922602834535
1368.0,475803.314019015,4380993.41466792,2.7182582979757184,39.578310457875894
1369.0,469810.275132231,4387297.2204525,2.648190259447473,39.63491916555623
1372.0,470824.9,4382239.7,2.6602366148076317,39.58938485781604
1373.0,472431.858198483,4382035.36816714,2.678958921564565,39.58759697780812
1375.0,470249.69097946,4382457.37009123,2.6535282693319715,39.59132634591381
1376.0,470222.408809023,4382416.77487628,2.6532123706073016,39.59095962409639
1377.0,470487.599999999,4380233.9,2.6563978533276567,39.57130045826064
1378.0,467517.299999999,4382007.4,2.6217295495352224,39.587172766636904
1379.0,475917.795538727,4380559.00211932,2.719607055182397,39.574399470913036
1503.0,470836.638407841,4382247.59576639,2.660372966744788,39.58945640053422
1971.0,469494.190660644,4381423.89775819,2.644777429504878,39.58198791041924
1972.0,469702.799999999,4381583.9,2.6471992116393053,39.583436975667425
1973.0,469881.773792612,4381630.51364015,2.6492811478321285,39.583863286305196
1974.0,470244.299999999,4381694.4,2.6534997307815185,39.5844515848677
1975.0,470538.5,4381564.29999999,2.6569313640673027,39.583289511112454
1976.0,470873.2,4381416.4,2.6608352574911995,39.58196832941164
1977.0,470636.994479184,4381242.43774195,2.65809252875503,39.580392818113694
1978.0,470451.562711098,4381323.05708853,2.6559297765366594,39.58111284922152
1979.0,470151.625969319,4381452.64623605,2.6524314571749694,39.58227009152429
1980.0,469819.379660754,4381441.80369101,2.648563185882226,39.582160761266046
1981.0,469152.700985736,4380761.21256018,2.6408318720801556,39.57600470724453
1982.0,469537.904177507,4379734.54954142,2.6453640081406986,39.56676794333892
1984.0,473934.100382192,4383382.28961785,2.696399871465702,39.599780171579184
1985.0,476793.52564801,4377449.6801143,2.7299119004952073,39.546407429853
1986.0,468381.656116515,4379939.46452224,2.6318936028670836,39.56857243197654
1987.0,474424.06545355,4380603.75173629,2.702213806629129,39.5747594170406
